# GPUs,global batch,micro batch,hidden size,attention heads,# layers,sequence length,tensor parallelism,data parallelism,pipeline parallelism,iteration time (ms)
2,16,8,1024,16,24,1024,1,1,2,372.160408
8,32,4,1024,16,24,1024,2,2,2,219.732754
4,16,4,2048,16,24,1024,1,2,2,410.490577
8,8,2,2048,16,20,1024,4,1,2,160.6027
8,4,1,1024,16,16,1024,1,2,4,77.216619
8,4,2,1024,16,24,1024,4,1,2,128.248067
4,32,2,2048,16,16,1024,1,4,1,406.355066
8,32,2,1024,16,16,1024,4,2,1,457.697031
8,8,2,1024,16,24,1024,2,2,2,140.496352
4,16,2,1024,16,20,1024,1,4,1,158.717599
4,16,2,2048,16,24,1024,1,4,1,304.165703
4,4,2,1024,16,12,1024,4,1,1,88.523325
8,8,2,2048,16,16,1024,4,1,2,132.598596
2,8,1,1024,16,12,1024,1,2,1,178.043799
8,8,1,1024,16,24,1024,4,2,1,345.817031
4,16,8,1024,16,24,1024,2,1,2,230.682957
4,8,1,2048,16,16,1024,1,4,1,152.151529
4,8,1,1024,16,16,1024,1,1,4,185.736453
8,4,2,1024,16,24,1024,8,1,1,201.676606
8,32,2,2048,16,24,1024,1,2,4,478.316661
8,64,1,1024,16,12,1024,2,4,1,700.42027
2,16,4,1024,16,24,1024,1,1,2,377.150145
8,64,4,1024,16,24,1024,1,8,1,289.605758
8,64,4,2048,16,16,1024,1,4,2,511.957199
8,8,4,2048,16,16,1024,2,1,4,151.982405
4,16,8,1024,16,24,1024,4,1,1,249.711223
8,8,2,1024,16,16,1024,4,2,1,116.210097
4,32,1,2048,16,12,1024,1,2,2,511.71286
4,16,2,1024,16,16,1024,1,1,4,225.445934
2,4,1,1024,16,16,1024,1,1,2,148.984377
4,16,8,1024,16,20,1024,4,1,1,210.777611
8,8,1,1024,16,20,1024,8,1,1,815.840026
4,8,1,2048,16,20,1024,2,1,2,342.301812
2,8,2,1024,16,24,1024,1,2,1,184.330367
4,16,8,2048,16,20,1024,2,1,2,357.1546
4,8,2,2048,16,24,1024,4,1,1,289.377306
8,2,1,1024,16,20,1024,8,1,1,204.986464
2,8,4,1024,16,16,1024,1,1,2,160.973189
8,8,1,1024,16,16,1024,1,2,4,113.771497
8,32,2,1024,16,20,1024,4,2,1,564.174379
4,16,8,2048,16,20,1024,4,1,1,324.921573
8,8,1,2048,16,20,1024,4,1,2,297.266014
4,2,1,2048,16,12,1024,2,1,2,73.620396
8,128,4,1024,16,20,1024,1,8,1,484.820972
4,32,2,1024,16,20,1024,1,2,2,373.037074
8,16,1,1024,16,20,1024,1,8,1,145.176273
8,8,1,1024,16,24,1024,2,1,4,244.952213
4,16,1,1024,16,24,1024,1,1,4,446.371561
8,4,1,2048,16,24,1024,2,2,2,141.620824
8,16,2,2048,16,12,1024,1,2,4,185.697557
4,8,2,2048,16,24,1024,2,1,2,307.265595
8,4,1,1024,16,12,1024,2,2,2,68.648647
2,8,1,2048,16,24,1024,2,1,1,698.673914
8,4,1,2048,16,16,1024,2,2,2,97.746972
8,64,1,1024,16,12,1024,1,4,2,411.617265
2,8,1,2048,16,16,1024,1,2,1,278.510803
8,128,4,2048,16,20,1024,1,8,1,877.614558
8,32,2,2048,16,24,1024,1,8,1,303.755986
8,8,2,2048,16,20,1024,2,1,4,190.418262
8,8,1,2048,16,20,1024,1,2,4,168.453316
8,64,4,1024,16,12,1024,2,4,1,183.58437
8,64,8,2048,16,24,1024,1,4,2,752.708528
4,16,8,2048,16,24,1024,4,1,1,384.937801
8,8,1,1024,16,12,1024,2,1,4,134.63396
4,16,4,1024,16,16,1024,1,1,4,219.400073
4,8,2,1024,16,20,1024,4,1,1,282.502039
8,64,1,2048,16,12,1024,2,4,1,730.368302
8,16,2,1024,16,20,1024,2,2,2,197.304954
8,64,1,1024,16,20,1024,2,4,1,1128.526098
8,32,1,2048,16,16,1024,4,2,1,826.563781
2,32,1,1024,16,20,1024,1,2,1,1078.550723
2,8,4,1024,16,20,1024,2,1,1,143.843466
8,64,1,2048,16,24,1024,1,4,2,849.693819
2,8,1,1024,16,12,1024,2,1,1,350.348354
4,16,4,2048,16,12,1024,1,2,2,243.775097
8,8,1,1024,16,16,1024,8,1,1,655.94377
8,16,2,2048,16,24,1024,2,2,2,310.982695
4,16,1,1024,16,20,1024,1,4,1,278.167923
4,16,4,2048,16,16,1024,2,1,2,289.817455
8,32,1,1024,16,20,1024,2,4,1,567.11133
4,2,1,2048,16,16,1024,1,1,4,94.145458
2,16,1,2048,16,16,1024,2,1,1,944.552818
4,16,1,1024,16,24,1024,2,1,2,726.833151
4,8,1,1024,16,24,1024,1,4,1,170.271921
2,32,8,2048,16,16,1024,1,2,1,689.778378
2,4,2,2048,16,12,1024,2,1,1,129.433442
8,16,8,1024,16,16,1024,4,1,2,134.526187
8,4,1,2048,16,16,1024,8,1,1,319.048452
4,4,1,1024,16,24,1024,2,1,2,214.112355
2,16,2,2048,16,12,1024,2,1,1,496.019576
4,16,1,1024,16,12,1024,4,1,1,709.985151
4,2,1,2048,16,12,1024,1,1,4,76.948466
8,32,1,1024,16,24,1024,1,2,4,447.765761
4,64,1,2048,16,16,1024,1,4,1,1029.244823
8,16,8,2048,16,12,1024,4,1,2,164.399621
4,64,1,1024,16,20,1024,1,4,1,1079.721423
8,64,2,1024,16,20,1024,2,4,1,611.480542
8,4,2,1024,16,24,1024,2,1,4,118.299076
8,32,2,1024,16,24,1024,1,8,1,186.469067
8,16,2,1024,16,16,1024,2,1,4,189.370594
2,16,2,1024,16,12,1024,1,2,1,201.136611
8,32,4,2048,16,24,1024,4,2,1,517.731902
4,8,1,2048,16,24,1024,1,1,4,308.133608
4,8,1,2048,16,16,1024,1,2,2,187.895612
8,32,1,2048,16,24,1024,1,8,1,392.115771
8,32,2,1024,16,12,1024,1,8,1,105.230363
8,32,4,2048,16,20,1024,1,4,2,354.163077
8,8,1,1024,16,12,1024,8,1,1,496.047514
2,8,4,2048,16,12,1024,2,1,1,174.014984
4,4,1,2048,16,24,1024,2,1,2,226.78844
4,64,1,1024,16,24,1024,1,4,1,1273.285119
4,8,2,1024,16,20,1024,2,1,2,196.308154
4,32,4,1024,16,20,1024,1,4,1,247.583802
4,16,2,2048,16,16,1024,1,1,4,367.350369
8,2,1,1024,16,24,1024,2,1,4,108.508463
8,16,2,1024,16,12,1024,1,2,4,112.47593
2,16,4,2048,16,20,1024,2,1,1,544.041508
4,64,2,1024,16,12,1024,1,4,1,396.343907
2,16,2,1024,16,20,1024,2,1,1,608.955142
8,16,8,1024,16,20,1024,8,1,1,193.783249
8,64,2,2048,16,12,1024,1,8,1,324.224592
8,16,4,2048,16,24,1024,8,1,1,467.602073
8,64,4,2048,16,20,1024,1,8,1,454.973072
2,16,1,1024,16,16,1024,1,1,2,512.200029
8,4,1,2048,16,20,1024,4,1,2,165.602398
8,128,1,2048,16,12,1024,1,8,1,816.114145
8,8,4,2048,16,12,1024,8,1,1,123.597405
4,16,2,1024,16,20,1024,4,1,1,563.177579
8,64,4,1024,16,16,1024,2,4,1,235.27877
4,16,1,2048,16,12,1024,1,4,1,219.915319
8,16,2,2048,16,16,1024,2,4,1,175.44627
8,32,8,1024,16,12,1024,4,2,1,133.647787
8,32,4,1024,16,16,1024,2,2,2,155.40425
4,64,2,1024,16,20,1024,1,4,1,602.022079
8,16,1,2048,16,20,1024,1,2,4,275.236048
8,16,1,2048,16,16,1024,8,1,1,1268.96832
2,16,4,2048,16,12,1024,2,1,1,340.857908
4,2,1,2048,16,20,1024,2,1,2,116.475948
8,16,2,1024,16,20,1024,1,4,2,122.461544
8,64,2,1024,16,24,1024,1,4,2,431.431806
4,64,2,2048,16,16,1024,1,4,1,785.970714
8,32,1,1024,16,16,1024,1,2,4,333.100765
8,64,8,1024,16,16,1024,2,4,1,208.393141
4,64,8,1024,16,12,1024,1,4,1,277.744795
4,16,8,1024,16,12,1024,2,1,2,125.900205
4,8,1,1024,16,20,1024,2,2,1,285.797746
8,16,2,2048,16,16,1024,1,2,4,220.536469
8,64,4,1024,16,16,1024,1,4,2,279.430369
4,4,1,1024,16,12,1024,2,2,1,90.570342
8,16,1,1024,16,24,1024,4,1,2,741.92159
8,64,4,1024,16,20,1024,1,8,1,248.184402
8,16,1,1024,16,20,1024,2,2,2,325.794657
8,2,1,1024,16,20,1024,4,1,2,110.004558
8,16,4,1024,16,16,1024,4,2,1,138.611885
2,8,2,1024,16,20,1024,1,2,1,157.546899
8,8,2,2048,16,12,1024,4,1,2,104.594492
8,4,2,2048,16,12,1024,8,1,1,102.102657
8,16,4,2048,16,12,1024,8,1,1,245.282573
8,32,4,1024,16,12,1024,2,4,1,93.798182
2,4,2,2048,16,20,1024,1,1,2,193.448269
8,16,8,1024,16,20,1024,2,1,4,171.196993
4,4,2,2048,16,16,1024,1,1,4,142.300869
8,16,4,1024,16,12,1024,4,2,1,106.947837
2,16,2,1024,16,16,1024,2,1,1,493.75987
4,8,1,1024,16,16,1024,1,2,2,150.652377
8,32,8,2048,16,16,1024,4,2,1,267.615445
8,2,1,2048,16,12,1024,8,1,1,121.848206
2,32,4,1024,16,20,1024,1,2,1,483.049672
4,8,4,2048,16,12,1024,4,1,1,138.446442
4,16,4,1024,16,12,1024,2,2,1,93.350082
8,64,2,1024,16,12,1024,2,4,1,380.406898
4,2,1,2048,16,24,1024,1,1,4,128.539442
4,64,8,2048,16,16,1024,1,4,1,688.718146
2,16,2,1024,16,24,1024,1,1,2,428.535606
4,16,4,2048,16,16,1024,1,2,2,299.490591
8,4,2,2048,16,12,1024,2,1,4,86.499024
8,2,1,2048,16,24,1024,2,1,4,115.69868
4,32,2,2048,16,24,1024,1,4,1,570.150663
4,2,1,1024,16,20,1024,1,1,4,91.312755
8,8,4,1024,16,24,1024,2,1,4,113.119636
8,16,1,2048,16,16,1024,4,2,1,416.936093
2,32,1,2048,16,16,1024,1,2,1,1030.305055
4,16,8,1024,16,20,1024,1,1,4,287.432134
4,4,2,1024,16,20,1024,2,1,2,117.588476
8,32,2,1024,16,12,1024,2,4,1,192.20391
8,16,2,1024,16,16,1024,4,1,2,266.626705
8,32,1,2048,16,20,1024,1,2,4,488.801512
2,16,8,2048,16,16,1024,2,1,1,376.096827
8,16,2,1024,16,20,1024,2,4,1,157.192252
8,32,1,2048,16,20,1024,4,2,1,1019.191101
4,8,2,2048,16,20,1024,4,1,1,244.366502
8,16,1,2048,16,12,1024,4,1,2,356.521806
8,64,8,2048,16,12,1024,1,4,2,452.570593
4,32,1,1024,16,16,1024,2,2,1,913.957334
2,8,1,1024,16,20,1024,2,1,1,564.58593
4,4,1,1024,16,20,1024,1,2,2,108.849175
8,4,1,2048,16,12,1024,8,1,1,241.813744
4,16,1,2048,16,12,1024,2,1,2,410.01542
8,8,4,1024,16,12,1024,2,1,4,65.078683
8,32,1,1024,16,24,1024,4,2,1,1373.163443
4,4,1,2048,16,16,1024,1,2,2,115.084178
8,16,1,2048,16,16,1024,4,1,2,458.557526
2,16,2,2048,16,16,1024,2,1,1,646.23686
8,8,1,1024,16,24,1024,2,2,2,215.252555
4,8,2,2048,16,16,1024,4,1,1,199.355698
4,8,2,1024,16,12,1024,4,1,1,175.843511
4,16,8,2048,16,24,1024,1,1,4,652.781365
8,32,4,2048,16,16,1024,1,2,4,403.781711
2,8,2,1024,16,24,1024,2,1,1,363.963618
2,16,1,1024,16,12,1024,2,1,1,698.57797
8,16,8,2048,16,20,1024,2,1,4,311.90285
8,64,4,1024,16,24,1024,1,4,2,380.046345
8,8,4,1024,16,12,1024,4,1,2,82.486278
4,16,8,2048,16,20,1024,1,1,4,570.186829
8,32,2,1024,16,16,1024,1,2,4,226.590734
8,8,2,1024,16,24,1024,1,2,4,121.575132
4,16,2,1024,16,16,1024,4,1,1,456.830731
2,16,2,2048,16,20,1024,1,1,2,589.896325
8,8,2,1024,16,12,1024,4,2,1,89.260725
8,8,1,1024,16,16,1024,2,2,2,147.832083
8,16,2,2048,16,16,1024,4,2,1,202.065798
8,32,1,1024,16,16,1024,1,8,1,229.059111
4,32,1,2048,16,16,1024,1,2,2,624.764216
8,32,1,2048,16,16,1024,1,4,2,335.24868
4,32,8,2048,16,16,1024,2,2,1,381.284427
8,4,1,2048,16,12,1024,1,2,4,79.662266
4,64,8,1024,16,20,1024,1,4,1,409.042087
8,32,8,1024,16,20,1024,4,2,1,211.774411
4,16,4,2048,16,12,1024,4,1,1,273.248602
8,4,1,1024,16,16,1024,4,2,1,118.579025
2,4,1,2048,16,20,1024,1,1,2,217.101996
8,16,8,1024,16,12,1024,8,1,1,120.945481
2,8,2,2048,16,24,1024,1,1,2,375.220561
4,16,2,2048,16,20,1024,1,2,2,331.356111
8,8,1,1024,16,20,1024,2,1,4,208.179462
8,16,4,2048,16,24,1024,4,1,2,333.443786
4,64,1,2048,16,20,1024,1,4,1,1242.145031
8,8,4,2048,16,12,1024,4,1,2,109.11705
4,16,4,1024,16,16,1024,2,1,2,154.53795
4,16,2,2048,16,24,1024,4,1,1,572.073594
8,64,2,2048,16,24,1024,1,4,2,683.576524
8,8,2,2048,16,12,1024,4,2,1,81.181374
8,8,1,2048,16,20,1024,4,2,1,261.412929
8,32,4,2048,16,20,1024,1,2,4,466.787192
4,16,2,1024,16,24,1024,1,2,2,237.95853
4,16,1,2048,16,20,1024,4,1,1,1015.980401
4,8,2,2048,16,12,1024,2,1,2,165.281361
8,16,2,1024,16,12,1024,1,4,2,82.835148
8,16,8,2048,16,16,1024,2,1,4,258.702312
4,16,1,1024,16,12,1024,2,2,1,351.742554
2,16,8,1024,16,20,1024,2,1,1,252.958377
8,2,1,1024,16,24,1024,8,1,1,245.140144
8,128,4,1024,16,16,1024,1,8,1,403.959736
4,8,4,2048,16,20,1024,1,1,4,305.03511
8,8,4,2048,16,20,1024,8,1,1,198.240869
4,16,1,1024,16,16,1024,2,2,1,459.135142
8,8,1,1024,16,16,1024,2,4,1,118.536198
4,16,2,1024,16,16,1024,2,1,2,288.983882
4,16,2,1024,16,24,1024,2,2,1,366.155818
8,64,8,1024,16,16,1024,1,4,2,277.38582
8,4,1,1024,16,20,1024,4,1,2,183.531886
4,8,2,2048,16,12,1024,1,2,2,136.501457
8,8,1,2048,16,16,1024,1,4,2,116.814378
8,16,2,1024,16,24,1024,1,2,4,180.014786
8,16,2,2048,16,12,1024,4,2,1,156.545094
8,64,8,2048,16,12,1024,2,4,1,295.338839
8,16,8,2048,16,12,1024,8,1,1,170.823404
8,4,1,2048,16,24,1024,2,1,4,163.755112
4,4,2,1024,16,20,1024,4,1,1,142.164269
4,32,8,1024,16,12,1024,2,2,1,160.850705
2,2,1,1024,16,24,1024,2,1,1,170.69921
4,16,1,2048,16,20,1024,1,2,2,394.376778
8,16,2,2048,16,20,1024,2,1,4,303.600582
4,64,8,2048,16,12,1024,1,4,1,552.450378
8,32,4,2048,16,16,1024,2,2,2,292.516255
4,8,2,2048,16,20,1024,2,2,1,213.381988
8,4,1,2048,16,12,1024,4,1,2,104.867598
2,16,4,2048,16,16,1024,1,1,2,505.039399
8,32,1,1024,16,16,1024,4,2,1,931.530815
4,32,4,1024,16,12,1024,2,2,1,183.13627
8,128,2,1024,16,20,1024,1,8,1,602.622679
8,32,1,2048,16,24,1024,1,2,4,551.802996
4,16,1,1024,16,20,1024,1,2,2,326.428597
8,16,1,1024,16,16,1024,8,1,1,1310.758418
2,32,2,2048,16,12,1024,1,2,1,628.747597
8,4,1,2048,16,16,1024,4,2,1,109.715327
2,2,1,1024,16,12,1024,2,1,1,89.176142
4,16,1,2048,16,16,1024,1,2,2,333.51848
4,16,4,2048,16,24,1024,2,1,2,416.298819
8,8,4,2048,16,20,1024,2,1,4,183.602746
2,4,2,1024,16,12,1024,1,1,2,80.992848
8,64,1,2048,16,16,1024,1,8,1,527.755546
8,16,2,2048,16,24,1024,4,2,1,293.094406
2,2,1,2048,16,20,1024,1,1,2,131.34385
4,8,4,2048,16,12,1024,2,1,2,135.554395
4,32,4,1024,16,24,1024,1,4,1,288.852058
4,16,8,1024,16,24,1024,1,1,4,327.662652
4,4,1,1024,16,16,1024,1,1,4,112.626697
8,16,1,1024,16,12,1024,2,2,2,205.092397
8,8,1,2048,16,12,1024,8,1,1,481.74482
8,8,4,2048,16,20,1024,4,1,2,169.56617
2,8,2,1024,16,20,1024,1,1,2,203.664254
8,16,2,2048,16,20,1024,8,1,1,651.345953
8,16,1,1024,16,12,1024,4,2,1,356.355535
8,4,1,1024,16,20,1024,4,2,1,146.579377
4,8,1,1024,16,24,1024,2,2,1,339.893246
4,8,1,2048,16,20,1024,1,1,4,271.516548
2,4,2,2048,16,12,1024,1,1,2,132.290957
8,2,1,1024,16,16,1024,4,1,2,89.183578
4,8,2,1024,16,16,1024,1,2,2,102.130696
8,16,4,1024,16,20,1024,4,2,1,170.277533
8,8,2,1024,16,12,1024,2,1,4,92.70732
4,16,4,2048,16,20,1024,4,1,1,433.759402
4,32,8,2048,16,12,1024,1,2,2,451.187493
8,8,2,2048,16,12,1024,8,1,1,202.332193
8,16,2,2048,16,20,1024,2,2,2,263.148217
4,8,1,1024,16,12,1024,2,1,2,204.354997
8,32,2,2048,16,16,1024,1,2,4,370.569469
2,16,1,2048,16,20,1024,1,1,2,731.650872
8,64,1,2048,16,16,1024,2,4,1,951.470618
4,8,2,2048,16,16,1024,1,2,2,168.057213
8,8,2,2048,16,20,1024,8,1,1,327.133057
8,8,1,2048,16,12,1024,2,1,4,146.069744
8,64,2,2048,16,12,1024,1,4,2,420.066909
8,4,1,2048,16,16,1024,2,1,4,115.10848
8,32,8,1024,16,24,1024,1,2,4,329.056852
8,32,2,1024,16,20,1024,1,4,2,206.193254
8,16,4,1024,16,24,1024,8,1,1,374.045649
2,16,4,2048,16,20,1024,1,1,2,594.913677
8,32,4,2048,16,12,1024,2,4,1,179.608584
4,32,1,2048,16,20,1024,1,4,1,637.375167
8,32,4,2048,16,12,1024,1,2,4,340.77133
4,8,4,1024,16,20,1024,4,1,1,169.280733
4,8,4,2048,16,24,1024,2,1,2,250.607749
4,32,4,2048,16,20,1024,2,2,1,549.799998
4,8,4,1024,16,24,1024,4,1,1,200.815881
4,64,2,1024,16,24,1024,1,4,1,704.896015
8,16,8,1024,16,12,1024,4,1,2,105.406619
8,16,2,1024,16,20,1024,1,2,4,157.506134
4,32,2,1024,16,24,1024,2,2,1,726.342614
4,2,1,2048,16,20,1024,1,1,4,111.34245
2,32,8,2048,16,24,1024,1,2,1,962.740116
4,4,2,1024,16,12,1024,1,1,4,72.007118
4,8,2,2048,16,12,1024,1,1,4,182.983757
8,4,1,1024,16,16,1024,2,1,4,107.092355
4,4,2,2048,16,16,1024,4,1,1,101.99717
2,32,4,2048,16,24,1024,1,2,1,1025.754737
8,8,2,1024,16,20,1024,2,1,4,143.138964
2,4,1,2048,16,20,1024,1,2,1,185.06917
2,8,4,2048,16,20,1024,1,1,2,349.041385
8,16,2,2048,16,12,1024,1,4,2,137.884557
4,4,1,2048,16,24,1024,4,1,1,306.992309
8,16,4,2048,16,12,1024,2,2,2,137.745295
8,32,1,2048,16,24,1024,1,4,2,454.874387
2,4,2,1024,16,20,1024,2,1,1,154.666852
8,32,4,2048,16,16,1024,4,2,1,356.214102
4,32,1,2048,16,16,1024,2,2,1,949.740418
8,2,1,2048,16,12,1024,4,1,2,62.92523
4,2,1,1024,16,24,1024,1,1,4,106.553691
2,2,1,2048,16,16,1024,1,1,2,109.896578
4,16,1,2048,16,20,1024,2,2,1,593.529712
8,16,2,1024,16,24,1024,8,1,1,801.888202
8,16,2,1024,16,12,1024,4,2,1,176.580911
4,16,8,2048,16,12,1024,2,1,2,228.652824
2,2,1,1024,16,16,1024,1,1,2,88.448435
8,16,1,2048,16,12,1024,8,1,1,961.606972
8,16,4,1024,16,24,1024,2,1,4,163.12146
8,16,4,1024,16,24,1024,4,2,1,201.956081
4,4,1,2048,16,16,1024,2,1,2,156.714032
2,4,2,1024,16,12,1024,2,1,1,96.260116
4,16,1,2048,16,24,1024,4,1,1,1208.107121
4,8,4,1024,16,16,1024,4,1,1,137.745585
8,2,1,2048,16,20,1024,2,1,4,98.180078
8,128,2,2048,16,12,1024,1,8,1,627.663104
8,32,2,2048,16,24,1024,2,4,1,486.004851
4,8,2,1024,16,16,1024,4,1,1,229.172775
4,64,1,2048,16,12,1024,1,4,1,816.349027
2,16,4,2048,16,16,1024,2,1,1,442.449708
8,32,4,1024,16,24,1024,4,2,1,400.559903
8,8,2,1024,16,16,1024,2,1,4,117.923142
2,8,4,2048,16,24,1024,2,1,1,329.453
2,16,1,2048,16,12,1024,1,1,2,507.50236
4,32,4,2048,16,20,1024,1,2,2,600.672167
8,64,2,1024,16,12,1024,1,4,2,258.15411
2,16,8,2048,16,12,1024,1,1,2,446.976993
4,32,1,1024,16,12,1024,1,4,1,350.143243
4,4,1,1024,16,24,1024,2,2,1,172.89141
4,16,2,1024,16,24,1024,4,1,1,669.524427
8,16,1,2048,16,20,1024,8,1,1,1576.329668
4,16,4,2048,16,24,1024,2,2,1,336.163798
4,64,8,1024,16,16,1024,1,4,1,343.432391
8,8,4,1024,16,12,1024,8,1,1,98.227609
4,32,2,1024,16,12,1024,1,4,1,201.975811
8,4,2,1024,16,20,1024,8,1,1,169.129914
8,8,1,1024,16,24,1024,1,2,4,156.493301
4,32,2,1024,16,24,1024,1,4,1,358.775583
8,64,4,2048,16,16,1024,1,8,1,378.99214
4,16,1,2048,16,24,1024,2,1,2,760.096736
8,16,1,2048,16,12,1024,2,4,1,192.155006
8,8,1,2048,16,16,1024,2,2,2,159.412832
4,16,4,2048,16,12,1024,2,1,2,226.576773
2,16,1,1024,16,20,1024,1,1,2,614.625093
8,16,1,1024,16,20,1024,4,2,1,577.619935
4,16,1,2048,16,16,1024,4,1,1,823.853681
8,64,1,1024,16,24,1024,2,4,1,1342.611962
4,16,2,2048,16,16,1024,1,2,2,281.162281
8,8,1,2048,16,16,1024,4,2,1,212.122249
2,16,4,1024,16,16,1024,2,1,1,233.09307
8,4,1,2048,16,12,1024,2,1,4,90.785164
4,4,1,1024,16,12,1024,1,2,2,71.351295
8,8,1,1024,16,16,1024,1,4,2,90.634135
8,4,2,2048,16,20,1024,2,1,4,133.827102
8,8,2,2048,16,24,1024,2,2,2,189.570219
2,4,1,2048,16,12,1024,1,1,2,148.314028
4,8,4,2048,16,20,1024,2,1,2,212.256631
4,16,2,2048,16,16,1024,2,2,1,332.9522
4,4,1,1024,16,12,1024,4,1,1,178.434627
4,16,1,1024,16,16,1024,1,2,2,271.724261
2,8,1,1024,16,12,1024,1,1,2,215.593325
4,4,2,2048,16,20,1024,1,1,4,167.112339
4,32,1,1024,16,20,1024,1,4,1,545.352423
4,4,1,2048,16,16,1024,2,2,1,131.292914
8,16,1,1024,16,20,1024,2,4,1,286.403946
2,8,1,1024,16,16,1024,2,1,1,457.467142
4,16,4,1024,16,24,1024,4,1,1,399.419703
8,16,1,2048,16,20,1024,4,2,1,514.005653
2,8,4,1024,16,16,1024,2,1,1,117.899674
8,8,2,1024,16,20,1024,2,2,2,118.585276
8,4,2,2048,16,20,1024,8,1,1,165.026609
2,16,8,1024,16,16,1024,2,1,1,206.207441
8,16,1,2048,16,12,1024,1,2,4,200.996228
8,64,2,2048,16,16,1024,1,4,2,509.102617
8,32,1,2048,16,12,1024,2,4,1,371.559438
8,4,1,2048,16,20,1024,2,1,4,139.431796
8,32,1,1024,16,16,1024,2,4,1,459.652842
4,8,1,2048,16,24,1024,2,1,2,404.557872
8,16,2,2048,16,24,1024,1,4,2,229.995616
4,32,4,1024,16,16,1024,1,4,1,206.389346
4,2,1,1024,16,16,1024,1,1,4,76.071819
4,16,2,2048,16,12,1024,1,2,2,230.562241
8,32,8,2048,16,20,1024,2,2,2,360.3653
8,4,2,2048,16,16,1024,2,1,4,110.163063
8,8,1,1024,16,24,1024,8,1,1,975.736282
2,8,1,2048,16,24,1024,1,1,2,448.905696
2,8,2,2048,16,20,1024,1,2,1,261.630079
2,4,2,2048,16,24,1024,1,1,2,224.026925
4,16,1,1024,16,16,1024,2,1,2,499.797715
8,8,1,2048,16,24,1024,2,1,4,259.867976
4,16,1,2048,16,16,1024,2,1,2,526.709192
4,4,1,1024,16,24,1024,1,1,4,155.099101
4,32,8,1024,16,20,1024,1,2,2,325.589664
8,16,1,2048,16,20,1024,1,8,1,183.44628
2,16,1,2048,16,16,1024,1,1,2,619.576616
4,16,4,2048,16,16,1024,2,2,1,231.015256
8,32,4,2048,16,12,1024,4,2,1,275.448802
8,4,2,1024,16,12,1024,8,1,1,104.03653
8,4,1,1024,16,24,1024,4,1,2,218.124974
4,4,2,1024,16,20,1024,1,1,4,104.122994
4,4,1,1024,16,24,1024,1,2,2,127.609515
8,16,1,2048,16,12,1024,1,4,2,153.907628
8,32,4,1024,16,20,1024,2,2,2,187.562052
4,4,1,2048,16,12,1024,2,2,1,101.06969
4,32,2,2048,16,20,1024,1,2,2,595.654815
2,16,2,2048,16,24,1024,2,1,1,946.671428
8,4,1,1024,16,20,1024,1,2,4,92.579255
8,8,4,1024,16,20,1024,2,1,4,97.105985
8,8,1,1024,16,12,1024,1,2,4,92.388695
8,16,4,2048,16,16,1024,2,2,2,176.604313
4,16,2,1024,16,12,1024,4,1,1,350.483883
8,16,4,2048,16,24,1024,2,1,4,306.245465
8,8,2,1024,16,16,1024,4,1,2,147.657701
4,16,4,1024,16,20,1024,2,2,1,145.762666
4,16,2,1024,16,12,1024,1,1,4,190.418954
4,8,1,1024,16,20,1024,2,1,2,324.797857
2,8,1,2048,16,12,1024,1,1,2,268.043472
8,16,1,1024,16,24,1024,2,4,1,340.600946
4,2,1,1024,16,16,1024,2,1,2,88.160461
8,16,1,1024,16,24,1024,1,4,2,212.844321
8,8,2,2048,16,20,1024,4,2,1,128.223866
8,128,8,2048,16,16,1024,1,8,1,688.425037
8,64,8,2048,16,16,1024,2,4,1,383.014627
4,2,1,1024,16,12,1024,1,1,4,60.830883
8,32,8,2048,16,12,1024,1,2,4,407.711557
4,4,1,2048,16,20,1024,1,2,2,137.10234
2,4,1,2048,16,16,1024,2,1,1,243.026386
8,16,1,1024,16,12,1024,2,4,1,178.075846
2,16,4,1024,16,12,1024,1,2,1,164.27779
4,64,1,1024,16,12,1024,1,4,1,692.663731
8,32,4,2048,16,16,1024,2,4,1,232.745456
8,16,1,2048,16,24,1024,8,1,1,1883.691016
8,8,4,2048,16,12,1024,2,1,4,120.362064
4,16,4,1024,16,12,1024,4,1,1,211.177275
8,8,2,1024,16,20,1024,4,1,2,180.949531
4,16,4,1024,16,12,1024,2,1,2,122.510648
8,16,1,2048,16,24,1024,1,4,2,257.464671
4,16,4,2048,16,12,1024,1,1,4,338.05753
8,16,2,1024,16,20,1024,4,1,2,326.427327
8,16,2,1024,16,16,1024,2,2,2,161.074794
8,64,2,2048,16,24,1024,2,4,1,952.640119
8,64,4,2048,16,20,1024,1,4,2,600.035369
2,32,8,2048,16,12,1024,1,2,1,553.299989
8,4,2,2048,16,24,1024,2,1,4,157.491141
8,32,2,1024,16,12,1024,2,2,2,224.957654
2,32,2,1024,16,16,1024,1,2,1,498.175143
4,16,2,2048,16,20,1024,2,2,1,409.65887
8,16,1,1024,16,24,1024,2,2,2,386.159487
2,16,1,2048,16,12,1024,1,2,1,419.576166
8,8,4,1024,16,24,1024,8,1,1,187.834069
2,8,1,2048,16,16,1024,1,1,2,328.33088
8,16,2,1024,16,24,1024,2,2,2,233.548014
4,32,1,1024,16,16,1024,1,4,1,447.786783
4,8,2,2048,16,12,1024,2,2,1,133.643942
8,16,1,2048,16,24,1024,1,2,4,312.344108
8,16,2,1024,16,24,1024,4,1,2,386.227949
2,8,1,2048,16,12,1024,2,1,1,365.965838
8,32,8,2048,16,16,1024,1,2,4,490.811393
8,64,1,1024,16,24,1024,1,8,1,643.745563
8,8,2,2048,16,12,1024,2,1,4,124.569808
4,32,8,1024,16,16,1024,1,2,2,276.86812
8,32,2,1024,16,24,1024,2,2,2,419.651338
8,32,2,1024,16,24,1024,2,4,1,366.863518
8,4,1,1024,16,24,1024,2,1,4,153.989713
4,32,8,2048,16,24,1024,1,2,2,753.450635
8,32,4,1024,16,12,1024,4,2,1,211.914675
8,32,1,1024,16,24,1024,2,2,2,727.973351
8,4,1,2048,16,20,1024,4,2,1,135.116567
4,8,4,2048,16,24,1024,4,1,1,260.374962
4,16,2,1024,16,24,1024,1,1,4,295.499894
4,16,4,1024,16,16,1024,2,2,1,119.567674
8,16,1,2048,16,20,1024,4,1,2,560.593246
8,8,2,2048,16,12,1024,1,2,4,120.203199
4,16,4,1024,16,20,1024,1,2,2,193.054887
8,2,1,1024,16,12,1024,8,1,1,124.679104
4,16,8,2048,16,12,1024,4,1,1,204.889117
8,16,2,2048,16,12,1024,2,1,4,200.711376
8,16,1,2048,16,20,1024,1,4,2,222.223688
8,64,2,2048,16,20,1024,1,4,2,595.018017
8,32,8,1024,16,24,1024,4,2,1,250.851423
4,32,4,1024,16,20,1024,2,2,1,286.36327
4,16,2,1024,16,20,1024,1,2,2,205.573654
8,2,1,1024,16,16,1024,8,1,1,164.832784
8,8,2,2048,16,24,1024,4,1,2,188.606804
8,16,1,2048,16,24,1024,2,2,2,408.274972
2,32,4,1024,16,24,1024,1,2,1,563.664508
8,128,1,1024,16,24,1024,1,8,1,1274.038819
8,32,2,2048,16,16,1024,2,2,2,384.051687
8,4,1,1024,16,20,1024,2,1,4,130.541034
4,16,1,1024,16,12,1024,1,1,4,274.748167
2,2,1,2048,16,16,1024,2,1,1,126.105314
2,16,2,2048,16,24,1024,1,2,1,571.632684
2,8,2,1024,16,16,1024,2,1,1,248.228946
8,16,4,2048,16,20,1024,4,2,1,222.942822
8,32,2,2048,16,20,1024,1,8,1,260.007189
8,32,4,2048,16,12,1024,2,2,2,228.767673
8,16,4,2048,16,16,1024,2,1,4,218.115219
8,32,1,2048,16,20,1024,1,4,2,393.73998
8,32,1,2048,16,24,1024,2,2,2,763.813836
4,4,1,2048,16,20,1024,4,1,1,258.202229
4,16,2,2048,16,20,1024,1,1,4,420.728265
4,16,1,2048,16,20,1024,1,1,4,485.082012
4,8,1,2048,16,20,1024,1,4,1,183.797769
4,16,2,1024,16,16,1024,1,4,1,131.793631
8,16,2,1024,16,16,1024,4,2,1,230.039075
8,64,4,2048,16,12,1024,1,8,1,303.015467
2,16,4,2048,16,24,1024,1,2,1,532.841483
4,8,1,1024,16,24,1024,1,1,4,252.189921
8,32,8,2048,16,12,1024,4,2,1,207.089317
4,4,1,1024,16,20,1024,4,1,1,289.262763
4,16,8,1024,16,16,1024,4,1,1,171.843999
4,16,1,1024,16,12,1024,2,1,2,386.279997
4,16,4,1024,16,16,1024,1,2,2,162.641189
4,4,1,2048,16,20,1024,2,2,1,161.109928
8,32,4,2048,16,24,1024,1,4,2,409.74847
8,4,1,1024,16,12,1024,2,1,4,83.643676
8,4,1,2048,16,12,1024,4,2,1,84.304787
8,64,4,2048,16,12,1024,1,4,2,420.758721
8,8,2,1024,16,24,1024,4,1,2,214.241361
2,4,1,1024,16,24,1024,2,1,1,337.701046
4,16,2,1024,16,24,1024,2,1,2,418.511138
8,8,1,1024,16,24,1024,4,1,2,392.723846
4,8,2,1024,16,16,1024,1,1,4,133.858682
8,8,1,1024,16,20,1024,1,2,4,135.129399
2,8,2,2048,16,16,1024,1,2,1,217.607474
8,2,1,1024,16,12,1024,4,1,2,68.362598
8,16,4,1024,16,12,1024,4,1,2,138.473258
4,32,1,1024,16,20,1024,2,2,1,1127.919898
8,128,4,2048,16,24,1024,1,8,1,1023.862999
8,64,2,1024,16,12,1024,1,8,1,202.414411
4,8,2,1024,16,12,1024,1,1,4,111.47773
2,2,1,2048,16,24,1024,1,1,2,152.791122
4,16,1,1024,16,20,1024,4,1,1,1151.343879
2,4,1,1024,16,12,1024,1,1,2,118.502505
8,16,1,1024,16,24,1024,2,1,4,426.877213
2,8,4,1024,16,12,1024,1,1,2,130.800891
4,8,1,2048,16,16,1024,4,1,1,414.225993
4,8,4,1024,16,12,1024,2,1,2,72.508824
4,4,1,2048,16,16,1024,4,1,1,209.412149
8,64,2,1024,16,24,1024,1,8,1,359.529283
8,2,1,2048,16,16,1024,8,1,1,160.728474
8,16,1,2048,16,24,1024,2,1,4,452.093704
8,64,8,1024,16,24,1024,1,4,2,375.056608
4,32,4,2048,16,12,1024,1,2,2,419.375621
4,16,1,2048,16,12,1024,4,1,1,631.726961
4,8,4,1024,16,12,1024,4,1,1,106.210437
4,32,8,2048,16,12,1024,2,2,1,293.955739
8,8,2,2048,16,16,1024,8,1,1,264.732625
8,16,1,2048,16,16,1024,2,1,4,321.790504
4,4,1,2048,16,24,1024,1,1,4,188.404164
8,128,2,1024,16,12,1024,1,8,1,396.782507
8,16,4,1024,16,16,1024,2,2,2,92.698822
2,32,1,1024,16,16,1024,1,2,1,885.184727
8,64,1,2048,16,20,1024,1,8,1,637.023678
8,8,4,1024,16,20,1024,8,1,1,157.965249
4,32,4,2048,16,16,1024,1,2,2,510.226999
8,8,1,2048,16,20,1024,8,1,1,789.631996
8,8,1,2048,16,12,1024,2,2,2,123.867728
8,32,1,2048,16,12,1024,4,2,1,633.927161
8,8,1,1024,16,20,1024,4,2,1,290.259563
8,4,1,2048,16,12,1024,2,2,2,75.811296
8,2,1,2048,16,24,1024,8,1,1,238.48901
4,8,1,1024,16,20,1024,1,2,2,181.375649
2,8,2,1024,16,16,1024,1,1,2,171.548378
4,32,1,2048,16,16,1024,1,4,1,528.048655
8,32,2,2048,16,20,1024,4,2,1,486.283874
8,16,1,2048,16,20,1024,2,1,4,386.942104
4,16,1,2048,16,16,1024,1,4,1,277.450571
4,8,4,1024,16,20,1024,2,1,2,111.15622
4,16,4,1024,16,20,1024,1,1,4,254.266662
8,16,4,2048,16,20,1024,8,1,1,393.495573
8,64,2,1024,16,24,1024,2,4,1,727.050314
8,16,4,2048,16,20,1024,2,2,2,215.467331
8,32,8,1024,16,20,1024,1,2,4,288.698634
8,64,2,1024,16,16,1024,1,4,2,315.905442
2,32,2,2048,16,16,1024,1,2,1,787.030946
4,8,1,1024,16,24,1024,4,1,1,687.125635
8,128,2,2048,16,16,1024,1,8,1,785.677605
8,32,1,2048,16,12,1024,1,2,4,362.774844
8,8,1,2048,16,16,1024,2,4,1,133.023114
2,2,1,2048,16,20,1024,2,1,1,155.351438
4,2,1,2048,16,24,1024,4,1,1,156.806507
8,32,2,2048,16,12,1024,4,2,1,307.272534
4,4,1,1024,16,16,1024,1,2,2,90.116435
4,4,1,2048,16,12,1024,4,1,1,160.622069
4,8,2,1024,16,24,1024,4,1,1,335.831303
8,16,1,1024,16,12,1024,1,2,4,153.507919
4,32,8,1024,16,24,1024,1,2,2,374.338808
8,64,1,1024,16,20,1024,1,4,2,617.154093
8,32,8,2048,16,16,1024,2,2,2,295.602512
2,8,4,2048,16,16,1024,2,1,1,225.827656
2,16,4,2048,16,12,1024,1,1,2,415.165121
2,8,2,2048,16,16,1024,2,1,1,327.7646
4,8,1,2048,16,20,1024,2,2,1,305.249856
2,8,4,1024,16,24,1024,2,1,1,169.787258
4,4,1,1024,16,12,1024,1,1,4,91.390495
8,16,2,1024,16,24,1024,2,1,4,268.466206
2,8,2,2048,16,24,1024,2,1,1,480.03616
8,4,1,1024,16,12,1024,4,2,1,90.580273
4,32,2,2048,16,24,1024,1,2,2,684.318631
4,8,2,1024,16,24,1024,1,1,4,178.620586
8,32,1,1024,16,20,1024,2,2,2,614.312233
4,4,2,1024,16,24,1024,1,1,4,120.180932
4,16,4,2048,16,20,1024,2,1,2,353.058137
8,16,1,1024,16,16,1024,4,2,1,466.986935
4,16,4,1024,16,24,1024,2,2,1,171.979458
8,8,4,1024,16,24,1024,4,1,2,153.198246
8,32,4,2048,16,20,1024,2,4,1,282.76202
8,2,1,1024,16,16,1024,2,1,4,74.935177
8,64,1,2048,16,24,1024,1,8,1,746.287551
8,32,4,1024,16,20,1024,1,2,4,255.533162
2,32,1,2048,16,20,1024,1,2,1,1243.416432
8,16,2,2048,16,24,1024,4,1,2,339.360508
8,4,1,2048,16,16,1024,4,1,2,135.234998
4,16,2,1024,16,12,1024,2,2,1,191.75581
8,4,2,2048,16,24,1024,8,1,1,196.488585
2,16,4,1024,16,20,1024,1,1,2,327.197407
4,8,4,2048,16,16,1024,2,1,2,173.905513
8,64,1,2048,16,20,1024,1,4,2,736.772564
4,32,4,2048,16,24,1024,2,2,1,652.344106
8,64,2,1024,16,20,1024,1,4,2,373.656674
4,32,1,1024,16,12,1024,2,2,1,699.97217
8,16,2,1024,16,12,1024,2,1,4,149.822788
8,8,1,1024,16,12,1024,1,4,2,71.799395
8,16,1,1024,16,20,1024,8,1,1,1630.311442
4,32,1,1024,16,24,1024,1,2,2,719.228557
8,4,2,1024,16,12,1024,4,1,2,68.135765
8,32,1,1024,16,12,1024,2,4,1,352.190654
4,16,1,1024,16,24,1024,1,4,1,327.845235
8,16,8,1024,16,24,1024,8,1,1,230.202133
8,4,2,1024,16,20,1024,2,1,4,100.249246
8,32,1,2048,16,16,1024,2,2,2,529.407992
8,16,4,2048,16,12,1024,2,1,4,174.050096
2,32,1,1024,16,12,1024,1,2,1,691.824531
4,8,2,2048,16,12,1024,4,1,1,154.344894
4,8,2,1024,16,20,1024,2,2,1,156.586052
8,32,4,2048,16,24,1024,1,2,4,529.783273
4,32,1,1024,16,20,1024,1,2,2,616.534493
8,32,4,1024,16,16,1024,1,2,4,220.544873
4,8,1,2048,16,16,1024,1,1,4,234.899488
2,4,2,1024,16,24,1024,2,1,1,183.87022
2,16,1,1024,16,20,1024,2,1,1,1126.000698
2,16,4,1024,16,16,1024,1,1,2,277.244669
2,8,4,2048,16,24,1024,1,1,2,403.779779
2,16,2,2048,16,12,1024,1,2,1,325.309085
8,2,1,2048,16,12,1024,2,1,4,63.142874
2,16,1,1024,16,16,1024,1,2,1,446.739983
8,16,1,1024,16,16,1024,2,1,4,300.035423
8,64,2,1024,16,16,1024,1,8,1,254.764435
4,16,2,2048,16,12,1024,2,2,1,255.83932
4,32,4,2048,16,20,1024,1,4,1,455.324561
4,32,2,1024,16,20,1024,1,4,1,306.485759
2,8,2,1024,16,12,1024,2,1,1,190.36161
4,8,2,2048,16,20,1024,2,1,2,259.937517
2,4,1,1024,16,20,1024,1,1,2,179.466249
2,8,2,1024,16,16,1024,1,2,1,130.746831
2,32,8,1024,16,20,1024,1,2,1,407.871387
4,8,1,2048,16,24,1024,1,2,2,258.206778
8,16,1,1024,16,20,1024,1,4,2,181.995249
4,2,1,2048,16,16,1024,2,1,2,95.048172
4,16,8,2048,16,24,1024,2,1,2,421.405488
2,2,1,2048,16,12,1024,1,1,2,88.449306
4,64,4,1024,16,20,1024,1,4,1,484.220372
8,16,8,2048,16,24,1024,8,1,1,325.49918
8,8,4,2048,16,16,1024,8,1,1,160.919137
8,128,2,2048,16,24,1024,1,8,1,1101.710866
8,8,2,1024,16,16,1024,1,2,4,89.209856
2,16,2,1024,16,12,1024,1,1,2,256.31181
8,16,1,2048,16,12,1024,2,2,2,219.980592
2,16,4,1024,16,24,1024,1,2,1,287.467058
8,128,1,2048,16,20,1024,1,8,1,1241.793542
8,32,8,2048,16,24,1024,1,2,4,656.991865
2,4,1,2048,16,16,1024,1,2,1,153.211761
8,32,2,2048,16,20,1024,1,4,2,330.719313
8,4,1,1024,16,12,1024,4,1,2,114.34571
8,16,2,2048,16,20,1024,1,4,2,198.569961
4,8,1,2048,16,12,1024,1,4,1,120.509701
2,4,1,2048,16,20,1024,2,1,1,299.491366
2,16,2,1024,16,24,1024,1,2,1,357.390583
2,16,8,2048,16,12,1024,2,1,1,289.745239
2,16,1,2048,16,12,1024,2,1,1,724.774702
4,64,4,2048,16,24,1024,1,4,1,1024.272716
4,32,2,1024,16,16,1024,1,4,1,254.269735
4,64,4,1024,16,16,1024,1,4,1,403.465036
8,8,4,2048,16,24,1024,2,1,4,215.223087
2,32,1,1024,16,24,1024,1,2,1,1271.900119
8,16,4,2048,16,16,1024,4,2,1,181.799382
8,16,8,2048,16,16,1024,4,1,2,209.158351
4,2,1,1024,16,24,1024,4,1,1,173.452429
8,4,1,1024,16,24,1024,1,2,4,107.947891
4,4,1,1024,16,20,1024,2,1,2,180.539069
4,2,1,2048,16,20,1024,4,1,1,131.905867
8,32,1,1024,16,16,1024,2,2,2,500.664015
8,32,1,2048,16,24,1024,2,4,1,704.642605
4,4,1,1024,16,16,1024,2,1,2,146.965783
2,4,1,1024,16,24,1024,1,1,2,209.948121
8,32,2,2048,16,16,1024,1,4,2,282.892481
4,16,2,2048,16,12,1024,2,1,2,296.984057
8,8,1,2048,16,12,1024,4,1,2,188.752334
8,16,4,2048,16,20,1024,2,1,4,262.180342
4,32,2,1024,16,24,1024,1,2,2,430.714006
8,32,1,2048,16,24,1024,4,2,1,1211.824221
8,16,4,2048,16,16,1024,1,2,4,263.317071
8,128,8,2048,16,24,1024,1,8,1,960.848378
4,8,4,2048,16,16,1024,1,1,4,260.097971
4,16,1,2048,16,24,1024,1,4,1,392.525488
2,8,1,1024,16,24,1024,1,1,2,378.982133
8,64,4,1024,16,12,1024,1,8,1,165.55559
8,32,8,2048,16,20,1024,4,2,1,328.132273
8,32,8,2048,16,24,1024,4,2,1,388.654901
4,16,1,1024,16,24,1024,4,1,1,1372.023243
8,32,2,2048,16,12,1024,1,8,1,172.505336
8,32,2,2048,16,12,1024,1,4,2,231.945341
8,16,1,1024,16,12,1024,8,1,1,991.205394
8,32,4,1024,16,16,1024,1,4,2,163.158889
2,16,1,2048,16,24,1024,1,2,1,748.179289
8,8,1,1024,16,12,1024,4,1,2,206.311934
2,2,1,2048,16,12,1024,2,1,1,96.85919
2,16,1,2048,16,24,1024,2,1,1,1384.10905
8,8,1,1024,16,16,1024,4,2,1,234.714995
8,8,2,2048,16,16,1024,2,2,2,130.936515
2,32,4,2048,16,12,1024,1,2,1,586.19791
2,2,1,2048,16,24,1024,2,1,1,184.597562
8,8,1,1024,16,20,1024,2,2,2,181.535869
8,8,1,1024,16,12,1024,4,2,1,179.172027
8,16,1,2048,16,16,1024,2,2,2,282.744552
8,8,1,2048,16,16,1024,2,1,4,184.002488
8,4,1,1024,16,12,1024,1,2,4,61.829083
8,32,2,2048,16,12,1024,1,2,4,316.686273
8,16,1,1024,16,16,1024,2,4,1,232.241746
2,16,1,1024,16,12,1024,1,2,1,349.304043
4,8,2,1024,16,20,1024,1,2,2,121.841944
8,8,1,2048,16,12,1024,1,2,4,120.10692
4,8,1,1024,16,16,1024,4,1,1,466.120635
4,8,2,1024,16,16,1024,2,2,1,127.131484
8,64,8,1024,16,12,1024,1,4,2,228.562276
4,8,1,1024,16,24,1024,2,1,2,385.019287
8,4,1,2048,16,24,1024,1,2,4,132.749942
8,4,1,2048,16,16,1024,1,2,4,97.364558
8,16,8,1024,16,24,1024,4,1,2,192.765323
4,16,1,2048,16,12,1024,1,2,2,272.253972
8,16,1,2048,16,16,1024,2,4,1,249.944186
8,32,1,2048,16,20,1024,1,8,1,334.638746
4,16,2,2048,16,16,1024,4,1,1,394.072754
4,16,1,2048,16,12,1024,2,2,1,370.176338
8,16,8,2048,16,20,1024,8,1,1,273.940588
8,128,1,2048,16,16,1024,1,8,1,1028.951714
4,8,4,1024,16,12,1024,1,1,4,117.713104
2,4,1,2048,16,24,1024,1,2,1,216.921619
4,32,2,2048,16,12,1024,1,4,1,324.459474
4,4,1,2048,16,12,1024,1,2,2,92.659806
4,8,4,1024,16,20,1024,1,1,4,167.665842
8,16,4,2048,16,12,1024,4,2,1,140.646642
4,4,1,1024,16,20,1024,2,2,1,145.444054
4,16,4,1024,16,16,1024,4,1,1,273.924751
8,64,2,2048,16,20,1024,1,8,1,487.903581
4,32,8,2048,16,16,1024,1,2,2,552.085541
8,8,1,2048,16,16,1024,1,2,4,144.282568
8,16,2,2048,16,24,1024,2,1,4,355.045185
2,2,1,1024,16,12,1024,1,1,2,69.957095
2,16,4,1024,16,12,1024,1,1,2,227.291931
8,128,8,1024,16,20,1024,1,8,1,409.642687
8,128,4,1024,16,12,1024,1,8,1,323.0704
2,4,1,1024,16,24,1024,1,2,1,168.886921
4,16,4,1024,16,24,1024,2,1,2,218.592554
2,8,2,2048,16,12,1024,1,1,2,226.351741
4,64,4,2048,16,12,1024,1,4,1,585.348299
8,16,2,2048,16,12,1024,2,4,1,135.027042
8,16,1,2048,16,24,1024,4,2,1,611.081013
4,64,4,1024,16,24,1024,1,4,1,565.049508
8,128,1,1024,16,20,1024,1,8,1,1080.322023
8,32,4,2048,16,24,1024,2,4,1,335.421691
8,8,2,1024,16,20,1024,8,1,1,336.892734
2,4,2,2048,16,16,1024,2,1,1,168.52847
4,4,2,2048,16,20,1024,4,1,1,125.013166
8,32,4,2048,16,12,1024,1,4,2,245.158197
4,16,4,2048,16,16,1024,4,1,1,353.504002
8,32,2,1024,16,16,1024,2,2,2,289.850182
8,16,2,1024,16,20,1024,2,1,4,228.9184
8,32,1,2048,16,12,1024,2,2,2,412.20632
8,16,2,2048,16,24,1024,2,4,1,252.687217
4,16,2,1024,16,12,1024,2,1,2,224.220254
8,32,2,1024,16,20,1024,1,8,1,159.318199
8,32,4,1024,16,16,1024,4,2,1,274.791051
4,8,2,2048,16,20,1024,1,1,4,251.650981
8,16,1,1024,16,24,1024,4,2,1,688.265835
2,16,1,1024,16,24,1024,1,2,1,641.606863
8,16,8,2048,16,12,1024,2,1,4,205.501774
4,2,1,1024,16,24,1024,2,1,2,128.658889
8,8,1,2048,16,16,1024,8,1,1,635.688408
4,8,2,1024,16,24,1024,1,2,2,141.580792
8,2,1,2048,16,16,1024,4,1,2,81.34791
2,2,1,1024,16,16,1024,2,1,1,116.350498
4,16,1,2048,16,24,1024,1,2,2,455.616494
4,16,2,1024,16,20,1024,1,1,4,260.472914
4,16,2,1024,16,16,1024,1,2,2,173.216378
4,64,2,2048,16,24,1024,1,4,1,1102.120583
4,8,4,1024,16,24,1024,2,1,2,130.479918
2,2,1,1024,16,20,1024,1,1,2,106.939775
8,64,4,2048,16,24,1024,1,8,1,530.949745
8,8,1,2048,16,20,1024,2,1,4,221.935232
2,8,2,2048,16,12,1024,1,2,1,173.589829
4,4,2,2048,16,12,1024,4,1,1,78.981174
4,16,8,1024,16,12,1024,1,1,4,206.971098
2,8,2,1024,16,24,1024,1,1,2,235.78013
8,4,1,1024,16,16,1024,4,1,2,148.938798
8,8,2,2048,16,16,1024,2,1,4,157.494035
4,32,2,1024,16,16,1024,2,2,1,495.42787
4,16,1,1024,16,12,1024,1,2,2,216.987525
4,8,2,1024,16,16,1024,2,1,2,160.208494
2,16,8,2048,16,24,1024,2,1,1,548.800003
8,8,2,2048,16,20,1024,2,2,2,160.256117
4,16,8,1024,16,12,1024,4,1,1,132.910387
8,32,1,1024,16,24,1024,2,4,1,674.604618
4,8,1,2048,16,24,1024,4,1,1,607.363913
4,16,4,1024,16,12,1024,1,1,4,184.533484
8,8,4,2048,16,24,1024,8,1,1,235.562601
4,32,2,2048,16,16,1024,2,2,1,651.42446
4,8,2,1024,16,12,1024,2,1,2,124.108834
8,16,4,2048,16,12,1024,1,2,4,217.874632
4,16,2,2048,16,20,1024,2,1,2,465.721717
4,8,1,2048,16,20,1024,1,2,2,222.860486
4,4,2,1024,16,16,1024,4,1,1,115.343797
4,32,1,2048,16,12,1024,2,2,1,728.985202
4,32,1,2048,16,24,1024,2,2,1,1390.819848
4,32,4,1024,16,20,1024,1,2,2,329.106807
8,16,4,1024,16,12,1024,8,1,1,195.560037
4,8,4,2048,16,16,1024,4,1,1,179.089282
8,4,2,1024,16,16,1024,4,1,2,88.173199
8,32,2,1024,16,24,1024,1,2,4,296.894094
8,64,8,2048,16,20,1024,1,4,2,651.940581
8,16,4,1024,16,24,1024,2,2,2,131.620118
8,64,1,1024,16,16,1024,2,4,1,914.475034
2,32,8,1024,16,16,1024,1,2,1,342.385591
8,8,4,1024,16,20,1024,4,1,2,129.62759
8,64,1,1024,16,24,1024,1,4,2,719.946357
4,32,1,2048,16,20,1024,1,2,2,737.409362
2,16,4,1024,16,12,1024,2,1,1,181.74207
4,4,2,2048,16,24,1024,1,1,4,191.923809
8,16,4,2048,16,24,1024,1,2,4,354.182749
8,32,4,2048,16,20,1024,2,2,2,356.268837
4,8,1,1024,16,16,1024,1,4,1,118.953225
8,8,1,2048,16,20,1024,2,2,2,194.961936
8,16,2,2048,16,16,1024,2,1,4,252.155979
8,32,8,2048,16,20,1024,1,2,4,573.906329
8,64,8,2048,16,20,1024,2,4,1,467.570107
4,8,1,2048,16,12,1024,2,2,1,190.771906
8,32,1,2048,16,20,1024,2,2,2,646.613664
8,4,2,1024,16,16,1024,8,1,1,136.583222
8,64,4,2048,16,24,1024,2,4,1,651.601999
8,32,1,2048,16,12,1024,1,4,2,273.637072
8,64,2,1024,16,20,1024,1,8,1,307.086359
2,16,2,1024,16,12,1024,2,1,1,378.564598
4,2,1,1024,16,12,1024,4,1,1,89.842873
4,8,1,1024,16,24,1024,1,2,2,212.126521
8,16,2,1024,16,24,1024,4,2,1,336.971503
2,8,4,2048,16,20,1024,2,1,1,277.640328
8,8,2,2048,16,20,1024,1,2,4,170.831839
8,32,4,1024,16,20,1024,2,4,1,146.368866
8,16,2,1024,16,16,1024,1,4,2,102.648396
8,16,8,1024,16,20,1024,4,1,2,163.645755
8,8,2,1024,16,24,1024,4,2,1,170.124941
8,16,2,2048,16,20,1024,4,1,2,289.361596
8,64,1,2048,16,20,1024,2,4,1,1169.452626
8,4,2,1024,16,16,1024,2,1,4,82.199416
8,8,2,1024,16,12,1024,4,1,2,114.365871
4,4,1,1024,16,20,1024,1,1,4,133.862899
8,8,1,2048,16,20,1024,1,4,2,136.465542
8,16,4,1024,16,16,1024,1,2,4,143.834273
8,32,8,1024,16,16,1024,1,2,4,248.346416
2,4,1,2048,16,16,1024,1,1,2,182.708012
8,8,1,1024,16,12,1024,2,4,1,91.018442
4,8,4,1024,16,16,1024,2,1,2,91.832522
8,16,4,2048,16,16,1024,8,1,1,319.389073
4,4,2,1024,16,24,1024,2,1,2,139.356152
4,16,1,2048,16,16,1024,1,1,4,422.571528
4,32,1,1024,16,12,1024,1,2,2,411.169165
4,16,2,2048,16,16,1024,1,4,1,216.547242
8,16,8,2048,16,20,1024,4,1,2,253.917081
2,4,1,2048,16,12,1024,2,1,1,186.561406
8,16,4,1024,16,20,1024,2,1,4,140.756007
4,64,1,1024,16,16,1024,1,4,1,886.231527
8,32,2,1024,16,20,1024,2,2,2,354.74431
8,2,1,2048,16,20,1024,4,1,2,99.77059
4,16,4,1024,16,24,1024,1,2,2,223.496185
2,32,2,1024,16,20,1024,1,2,1,600.851379
8,4,1,2048,16,20,1024,2,2,2,119.686648
4,32,8,2048,16,20,1024,2,2,1,468.206905
8,32,8,1024,16,16,1024,2,2,2,161.694089
8,4,1,1024,16,24,1024,8,1,1,488.67219
4,8,1,1024,16,12,1024,2,2,1,177.627746
8,8,2,1024,16,24,1024,2,1,4,168.354786
2,8,4,1024,16,24,1024,1,1,2,221.317785
2,16,4,1024,16,20,1024,2,1,1,284.44407
8,8,2,1024,16,20,1024,4,2,1,143.161069
4,8,1,1024,16,20,1024,1,1,4,218.963187
8,8,1,1024,16,20,1024,1,4,2,109.468775
8,64,2,2048,16,20,1024,2,4,1,801.575836
8,64,4,1024,16,12,1024,1,4,2,229.134231
2,16,1,2048,16,20,1024,2,1,1,1164.330934
4,32,1,2048,16,12,1024,1,4,1,418.726555
4,8,2,2048,16,24,1024,1,1,4,285.984593
2,4,1,2048,16,12,1024,1,2,1,121.359312
2,16,2,1024,16,20,1024,1,2,1,305.315059
8,32,4,1024,16,12,1024,1,2,4,185.531684
8,128,8,2048,16,12,1024,1,8,1,552.215496
4,16,1,2048,16,12,1024,1,1,4,360.061044
4,4,1,1024,16,12,1024,2,1,2,113.392497
4,8,1,2048,16,12,1024,1,2,2,152.524528
8,64,1,2048,16,12,1024,1,4,2,513.09596
8,16,1,1024,16,16,1024,4,1,2,507.470118
2,4,1,1024,16,20,1024,2,1,1,283.878546
8,128,8,2048,16,20,1024,1,8,1,824.638837
4,16,1,1024,16,24,1024,1,2,2,381.160533
8,128,1,1024,16,12,1024,1,8,1,693.102331
4,2,1,2048,16,16,1024,4,1,1,107.005227
4,8,1,2048,16,24,1024,1,4,1,215.439598
8,16,8,1024,16,16,1024,8,1,1,157.364365
4,16,2,2048,16,24,1024,2,1,2,550.090547
2,32,4,1024,16,16,1024,1,2,1,402.418236
8,64,4,2048,16,24,1024,1,4,2,690.756646
4,4,2,1024,16,12,1024,2,1,2,74.053124
4,4,1,1024,16,16,1024,2,2,1,118.018498
8,4,1,2048,16,24,1024,8,1,1,473.517868
2,32,2,1024,16,12,1024,1,2,1,395.504707
8,8,2,2048,16,16,1024,4,2,1,104.70727
8,64,8,2048,16,16,1024,1,4,2,553.815741
8,32,4,1024,16,12,1024,1,4,2,132.643191
8,16,2,2048,16,12,1024,2,2,2,167.472261
8,16,2,1024,16,20,1024,8,1,1,672.418374
2,16,2,1024,16,24,1024,2,1,1,724.150414
8,64,8,1024,16,12,1024,2,4,1,161.298805
8,8,1,2048,16,24,1024,1,4,2,158.759813
8,8,1,2048,16,16,1024,4,1,2,243.009174
8,16,2,1024,16,16,1024,1,2,4,135.003482
4,8,2,2048,16,16,1024,1,1,4,217.317369
4,32,2,1024,16,16,1024,1,2,2,315.387742
8,8,2,1024,16,12,1024,1,2,4,73.005318
4,16,2,1024,16,20,1024,2,1,2,353.74751
8,32,8,1024,16,12,1024,1,2,4,207.969298
4,16,1,2048,16,20,1024,1,4,1,334.990235
4,8,2,2048,16,16,1024,2,1,2,212.609439
4,16,2,2048,16,12,1024,1,4,1,172.740218
8,2,1,2048,16,16,1024,2,1,4,80.661476
4,8,1,1024,16,16,1024,2,1,2,264.576427
8,8,1,2048,16,24,1024,4,2,1,310.709409
8,32,1,2048,16,16,1024,1,2,4,425.790628
4,32,1,1024,16,16,1024,1,2,2,513.868029
2,32,2,2048,16,24,1024,1,2,1,1103.602604
2,4,2,2048,16,20,1024,2,1,1,207.623498
4,4,1,2048,16,20,1024,2,1,2,191.751236
8,2,1,2048,16,20,1024,8,1,1,199.608742
8,32,8,1024,16,16,1024,4,2,1,172.710299
2,16,8,1024,16,16,1024,1,1,2,275.20012
2,16,4,2048,16,12,1024,1,2,1,304.09996
4,32,4,2048,16,24,1024,1,2,2,691.498753
8,8,1,1024,16,20,1024,2,4,1,146.050254
8,16,2,1024,16,12,1024,4,1,2,206.826083
4,4,1,2048,16,12,1024,2,1,2,121.676828
8,128,8,1024,16,24,1024,1,8,1,475.479283
8,4,2,2048,16,24,1024,4,1,2,113.229952
4,16,1,1024,16,16,1024,1,4,1,228.564411
4,4,1,2048,16,12,1024,1,1,4,117.39312
2,32,1,2048,16,12,1024,1,2,1,817.198638
4,16,1,1024,16,20,1024,2,2,1,566.50513
4,64,4,1024,16,12,1024,1,4,1,322.6318
2,16,8,1024,16,20,1024,1,1,2,323.680264
4,8,1,1024,16,20,1024,4,1,1,576.623135
2,16,8,1024,16,24,1024,2,1,1,299.709313
4,16,1,1024,16,12,1024,1,4,1,178.882999
8,8,1,2048,16,24,1024,2,2,2,230.50554
4,16,2,2048,16,24,1024,1,2,2,381.931359
4,8,4,1024,16,24,1024,1,1,4,192.642211
4,32,4,1024,16,12,1024,1,2,2,228.686131
4,2,1,1024,16,12,1024,2,1,2,67.911247
8,32,2,2048,16,20,1024,2,2,2,468.932417
8,8,2,2048,16,24,1024,1,2,4,196.134309
8,32,1,1024,16,20,1024,1,4,2,327.048197
8,128,2,1024,16,24,1024,1,8,1,705.649715
8,32,2,2048,16,16,1024,2,4,1,334.6824
4,4,1,2048,16,24,1024,1,2,2,159.50192
4,8,1,2048,16,16,1024,2,2,1,248.213986
4,16,8,1024,16,16,1024,1,1,4,247.201616
8,16,8,2048,16,24,1024,2,1,4,365.103388
8,64,1,1024,16,16,1024,1,4,2,514.385729
8,32,1,2048,16,20,1024,2,4,1,592.892914
8,16,2,2048,16,16,1024,1,4,2,169.787413
4,8,4,1024,16,16,1024,1,1,4,142.689473
8,16,4,2048,16,24,1024,4,2,1,264.092062
4,16,8,1024,16,20,1024,2,1,2,195.755373
8,4,1,1024,16,12,1024,8,1,1,248.468574
8,16,1,1024,16,20,1024,4,1,2,624.695854
8,16,4,1024,16,12,1024,1,2,4,118.711304
8,8,1,1024,16,24,1024,2,4,1,173.59911
4,8,2,2048,16,24,1024,1,2,2,230.737723
2,16,8,1024,16,12,1024,2,1,1,159.456505
2,8,1,2048,16,20,1024,1,2,1,336.261636
8,64,8,2048,16,24,1024,2,4,1,554.768694
2,8,4,1024,16,12,1024,2,1,1,91.955882
2,8,1,1024,16,16,1024,1,2,1,227.517611
2,16,4,2048,16,16,1024,1,2,1,380.345481
4,32,8,1024,16,20,1024,2,2,1,254.877577
4,8,1,1024,16,12,1024,1,1,4,152.509719
8,128,4,2048,16,16,1024,1,8,1,731.361858
2,4,1,2048,16,24,1024,2,1,1,355.956346
8,16,2,1024,16,12,1024,2,4,1,98.102416
4,8,1,2048,16,12,1024,4,1,1,317.657033
2,8,2,2048,16,12,1024,2,1,1,251.62882
8,4,1,1024,16,20,1024,2,2,2,109.406475
8,16,1,2048,16,24,1024,2,4,1,361.925037
4,8,2,2048,16,16,1024,2,2,1,173.71607
8,16,1,1024,16,24,1024,1,2,4,253.584121
8,16,1,2048,16,16,1024,1,2,4,238.118588
2,16,1,1024,16,24,1024,2,1,1,1339.712062
8,16,4,1024,16,12,1024,2,2,2,73.246224
8,16,4,2048,16,20,1024,4,1,2,283.412946
8,8,1,2048,16,20,1024,2,4,1,160.47313
2,4,2,2048,16,24,1024,2,1,1,246.718526
8,32,2,1024,16,12,1024,1,2,4,191.417154
8,8,2,2048,16,24,1024,4,2,1,151.746262
8,16,2,2048,16,16,1024,8,1,1,527.068609
8,16,2,2048,16,16,1024,4,1,2,239.362684
8,16,4,1024,16,20,1024,4,1,2,216.826898
8,16,1,1024,16,12,1024,4,1,2,390.244382
2,8,2,2048,16,24,1024,1,2,1,305.647724
8,64,4,1024,16,20,1024,2,4,1,286.96947
2,16,8,2048,16,24,1024,1,1,2,746.739837
8,8,2,2048,16,12,1024,2,2,2,101.620913
2,4,1,1024,16,20,1024,1,2,1,143.404973
8,128,4,2048,16,12,1024,1,8,1,585.113417
8,16,8,1024,16,12,1024,2,1,4,113.165177
4,8,2,2048,16,20,1024,1,2,2,199.206759
2,16,2,2048,16,16,1024,1,2,1,407.415298
8,32,1,1024,16,12,1024,2,2,2,387.017397
8,32,4,1024,16,16,1024,2,4,1,120.085374
4,32,2,2048,16,20,1024,1,4,1,488.25507
8,32,2,2048,16,12,1024,2,2,2,299.174957
8,16,1,1024,16,24,1024,8,1,1,1949.864466
8,16,1,2048,16,24,1024,1,8,1,215.029881
8,128,1,2048,16,24,1024,1,8,1,1454.631111
8,4,1,2048,16,24,1024,4,2,1,160.523607
4,32,4,1024,16,16,1024,2,2,1,234.76107
4,2,1,1024,16,20,1024,4,1,1,145.582577
2,8,2,1024,16,12,1024,1,2,1,103.952563
8,2,1,1024,16,24,1024,4,1,2,130.825538
8,16,1,1024,16,16,1024,1,2,4,186.881253
8,4,1,2048,16,24,1024,4,1,2,195.969798
8,32,2,2048,16,24,1024,1,4,2,381.189252
2,32,4,2048,16,16,1024,1,2,1,732.715199
8,16,2,2048,16,20,1024,2,4,1,212.74519
2,8,1,2048,16,20,1024,2,1,1,587.771222
4,8,1,1024,16,12,1024,1,4,1,93.252877
4,32,1,2048,16,20,1024,2,2,1,1170.089424
2,16,4,2048,16,24,1024,1,1,2,684.787955
4,64,2,2048,16,20,1024,1,4,1,944.047854
4,32,1,1024,16,24,1024,2,2,1,1341.904262
2,16,1,2048,16,24,1024,1,1,2,843.725128
4,16,1,1024,16,20,1024,1,1,4,389.163763
4,4,1,2048,16,24,1024,2,2,1,191.30836
8,64,8,1024,16,20,1024,1,4,2,326.209264
8,16,1,1024,16,12,1024,1,8,1,93.691477
4,8,1,1024,16,12,1024,1,2,2,119.896705
8,64,4,2048,16,20,1024,2,4,1,549.1632
2,4,2,2048,16,16,1024,1,1,2,162.869613
4,16,2,2048,16,20,1024,4,1,1,483.073174
8,32,1,1024,16,16,1024,1,4,2,272.241961
8,8,2,2048,16,24,1024,2,1,4,223.342489
8,4,1,2048,16,20,1024,1,2,4,115.06195
4,16,4,2048,16,12,1024,2,2,1,178.225484
8,32,2,2048,16,24,1024,4,2,1,575.790694
4,32,4,1024,16,24,1024,2,2,1,337.98727
8,32,2,2048,16,16,1024,4,2,1,396.782854
4,32,4,1024,16,16,1024,1,2,2,278.912669
2,8,2,1024,16,12,1024,1,1,2,139.432502
8,8,1,1024,16,20,1024,4,1,2,330.586542
4,8,1,2048,16,24,1024,2,2,1,362.667144
2,32,8,1024,16,12,1024,1,2,1,276.905595
8,16,4,1024,16,20,1024,2,2,2,112.15302
4,16,4,2048,16,24,1024,4,1,1,514.014802
4,8,2,1024,16,24,1024,2,2,1,186.06242
8,16,4,1024,16,16,1024,4,1,2,177.650078
2,16,4,1024,16,24,1024,2,1,1,335.79507
8,16,4,1024,16,20,1024,1,2,4,168.932342
8,16,2,2048,16,16,1024,2,2,2,215.308239
2,4,1,1024,16,16,1024,2,1,1,230.056046
2,4,2,1024,16,20,1024,1,1,2,119.932544
4,8,1,2048,16,16,1024,2,1,2,280.045752
2,4,1,2048,16,24,1024,1,1,2,251.49598
8,64,1,1024,16,12,1024,1,8,1,350.581843
8,2,1,2048,16,24,1024,4,1,2,118.19327
4,2,1,1024,16,16,1024,4,1,1,117.712725
4,2,1,1024,16,20,1024,2,1,2,108.409675
8,4,1,2048,16,20,1024,8,1,1,396.28316
8,128,1,1024,16,16,1024,1,8,1,886.726227
8,16,2,2048,16,24,1024,1,2,4,290.195093
4,16,4,2048,16,20,1024,2,2,1,283.398818
2,8,2,2048,16,20,1024,2,1,1,403.90038
4,16,2,2048,16,20,1024,1,4,1,260.358678
2,16,2,2048,16,12,1024,1,1,2,414.473309
8,16,4,1024,16,12,1024,2,1,4,96.025101
2,16,4,1024,16,20,1024,1,2,1,246.413102
2,8,4,2048,16,12,1024,1,1,2,239.564597
2,16,1,2048,16,16,1024,1,2,1,529.108887
8,32,8,1024,16,20,1024,2,2,2,196.752173
8,32,1,1024,16,24,1024,1,4,2,381.878333
4,64,8,2048,16,20,1024,1,4,1,824.990326
8,32,2,1024,16,20,1024,2,4,1,308.621682
4,8,1,1024,16,16,1024,2,2,1,231.724046
4,16,2,1024,16,24,1024,1,4,1,185.715367
2,8,2,2048,16,16,1024,1,1,2,275.974681
4,8,4,2048,16,24,1024,1,1,4,349.972249
8,16,8,2048,16,24,1024,4,1,2,298.675811
4,16,4,2048,16,16,1024,1,1,4,400.562611
8,32,2,1024,16,16,1024,2,4,1,250.414646
4,8,2,2048,16,24,1024,2,2,1,253.429324
8,32,1,2048,16,12,1024,1,8,1,219.680437
8,16,1,2048,16,20,1024,2,2,2,345.512512
4,8,2,1024,16,24,1024,2,1,2,232.407814
8,16,4,1024,16,16,1024,2,1,4,118.390554
8,2,1,1024,16,20,1024,2,1,4,91.72182
2,8,1,1024,16,24,1024,2,1,1,671.704718
4,8,2,1024,16,20,1024,1,1,4,156.239634
2,16,1,1024,16,16,1024,2,1,1,912.289334
8,16,1,2048,16,20,1024,2,4,1,304.613058
4,16,1,2048,16,20,1024,2,1,2,643.402964
2,4,2,1024,16,24,1024,1,1,2,139.402392
8,32,2,1024,16,24,1024,4,2,1,670.664627
2,4,1,1024,16,16,1024,1,2,1,117.906425
8,8,2,1024,16,16,1024,8,1,1,272.03833
8,8,2,2048,16,16,1024,1,2,4,145.519969
4,16,4,1024,16,24,1024,1,1,4,289.133251
8,128,2,1024,16,16,1024,1,8,1,499.716643
2,8,1,1024,16,16,1024,1,1,2,270.056261
8,16,4,1024,16,24,1024,4,1,2,256.003718
8,64,1,2048,16,24,1024,2,4,1,1390.077741
4,4,1,1024,16,24,1024,4,1,1,344.676831
8,32,2,1024,16,12,1024,1,4,2,141.274802
2,8,4,1024,16,20,1024,1,1,2,191.145487
8,32,1,1024,16,12,1024,4,2,1,710.722551
4,16,8,2048,16,12,1024,1,1,4,404.997757
2,4,1,1024,16,12,1024,2,1,1,176.233546
8,64,2,2048,16,16,1024,1,8,1,406.061957
2,16,8,1024,16,12,1024,1,1,2,226.719976
4,8,2,1024,16,12,1024,2,2,1,97.654316
4,32,8,2048,16,24,1024,2,2,1,555.510801
4,4,1,2048,16,16,1024,1,1,4,141.063468
8,16,1,1024,16,12,1024,1,4,2,120.344805
4,8,4,2048,16,12,1024,1,1,4,215.160832
4,32,8,1024,16,24,1024,2,2,1,301.901513
8,32,4,2048,16,24,1024,2,2,2,420.015919
8,8,1,2048,16,24,1024,8,1,1,943.575584
2,8,2,1024,16,20,1024,2,1,1,306.096282
8,16,1,2048,16,12,1024,4,2,1,319.857233
2,16,2,1024,16,16,1024,1,2,1,253.222935
8,4,1,1024,16,24,1024,4,2,1,174.592629
4,16,1,1024,16,24,1024,2,2,1,673.896918
8,4,1,1024,16,16,1024,8,1,1,328.536446
8,128,8,1024,16,12,1024,1,8,1,278.183395
4,8,1,2048,16,12,1024,2,1,2,217.789692
8,16,4,2048,16,24,1024,2,2,2,254.324849
8,32,2,2048,16,20,1024,1,2,4,424.447765
8,64,4,2048,16,12,1024,2,4,1,346.451508
8,64,2,2048,16,12,1024,2,4,1,501.613176
2,2,1,1024,16,24,1024,1,1,2,125.431115
4,32,4,1024,16,12,1024,1,4,1,165.11699
8,8,2,1024,16,12,1024,8,1,1,207.183926
8,32,4,1024,16,24,1024,1,4,2,224.213985
4,16,1,1024,16,16,1024,1,1,4,331.955965
4,4,2,1024,16,16,1024,2,1,2,95.8208
8,16,1,1024,16,24,1024,1,8,1,171.025621
8,8,2,1024,16,16,1024,2,2,2,96.6871
2,4,1,1024,16,12,1024,1,2,1,92.413677
2,16,2,2048,16,20,1024,1,2,1,489.526471
8,16,1,1024,16,12,1024,2,1,4,236.614528
8,8,2,1024,16,12,1024,2,2,2,74.790524
8,32,4,1024,16,24,1024,1,2,4,290.527451
4,16,2,2048,16,24,1024,2,2,1,486.746958
8,64,2,1024,16,16,1024,2,4,1,495.94557
2,8,1,1024,16,20,1024,1,2,1,276.997223
8,64,1,2048,16,12,1024,1,8,1,418.491673
8,16,4,2048,16,20,1024,1,2,4,308.75461
8,16,1,1024,16,20,1024,2,1,4,363.456318
4,4,2,2048,16,12,1024,2,1,2,99.430013
8,16,1,1024,16,20,1024,1,2,4,220.229687
4,4,2,1024,16,16,1024,1,1,4,88.065056
8,4,2,2048,16,20,1024,4,1,2,96.223252
8,32,8,1024,16,24,1024,2,2,2,231.823157
4,32,4,2048,16,16,1024,2,2,1,447.637308
2,32,2,2048,16,20,1024,1,2,1,945.319255
4,4,2,2048,16,24,1024,4,1,1,148.029162
8,4,1,1024,16,16,1024,2,2,2,89.026761
4,64,2,2048,16,12,1024,1,4,1,627.897986
8,16,2,2048,16,24,1024,8,1,1,775.623297
4,8,4,2048,16,20,1024,4,1,1,219.732122
8,8,2,1024,16,20,1024,1,2,4,105.389494
8,128,8,1024,16,16,1024,1,8,1,343.927091
4,32,2,2048,16,20,1024,2,2,1,802.212634
8,32,1,2048,16,16,1024,2,4,1,483.78633
4,4,2,2048,16,20,1024,2,1,2,157.045417
8,16,4,2048,16,16,1024,4,1,2,233.382106
2,32,4,2048,16,20,1024,1,2,1,879.237448
8,4,2,1024,16,12,1024,2,1,4,64.149586
4,16,4,2048,16,20,1024,1,2,2,354.799875
8,32,2,2048,16,12,1024,2,4,1,257.22242
8,4,2,1024,16,20,1024,4,1,2,108.210633
8,32,4,1024,16,12,1024,2,2,2,123.248048
8,4,1,1024,16,20,1024,8,1,1,408.604318
8,8,1,2048,16,24,1024,4,1,2,351.522854
8,4,2,2048,16,12,1024,4,1,2,62.209852
8,64,2,2048,16,24,1024,1,8,1,569.740946
4,2,1,2048,16,12,1024,4,1,1,82.104587
4,4,1,2048,16,20,1024,1,1,4,164.733816
8,32,4,1024,16,24,1024,2,4,1,172.687158
8,32,1,1024,16,20,1024,1,8,1,278.768523
2,32,1,2048,16,24,1024,1,2,1,1456.522849
4,16,4,1024,16,12,1024,1,2,2,132.195091
8,32,1,1024,16,12,1024,1,2,4,275.746367
4,16,4,1024,16,20,1024,4,1,1,336.672227
8,16,2,1024,16,12,1024,2,2,2,124.846234
8,16,8,1024,16,16,1024,2,1,4,142.181085
4,16,8,2048,16,16,1024,2,1,2,292.903712
8,32,2,1024,16,12,1024,4,2,1,351.221283
4,16,8,2048,16,16,1024,4,1,1,264.905345
8,32,2,1024,16,24,1024,1,4,2,238.67633
4,16,1,2048,16,16,1024,2,2,1,482.05613
4,32,1,1024,16,24,1024,1,4,1,642.991863
2,16,4,2048,16,24,1024,2,1,1,645.633308
4,32,8,1024,16,16,1024,2,2,1,207.875441
4,16,2,1024,16,12,1024,1,4,1,104.791763
8,32,8,2048,16,12,1024,2,2,2,230.843724
8,32,4,1024,16,20,1024,4,2,1,337.669027
2,4,2,1024,16,16,1024,1,1,2,100.462696
8,32,8,1024,16,12,1024,2,2,2,126.637605
4,64,4,2048,16,16,1024,1,4,1,731.654967
2,32,2,1024,16,24,1024,1,2,1,703.511015
4,32,2,1024,16,12,1024,1,2,2,257.70601
8,32,2,1024,16,20,1024,1,2,4,261.739414
8,64,4,2048,16,16,1024,2,4,1,449.367508
4,32,2,1024,16,12,1024,2,2,1,379.958798
2,16,8,2048,16,16,1024,1,1,2,546.897941
4,32,1,2048,16,24,1024,1,2,2,850.435926
2,16,8,2048,16,20,1024,1,1,2,646.818889
8,16,1,1024,16,16,1024,1,8,1,119.447925
2,16,1,1024,16,12,1024,1,1,2,409.774965
4,32,2,2048,16,12,1024,1,2,2,418.683809
8,16,2,1024,16,24,1024,2,4,1,186.77012
8,64,4,1024,16,16,1024,1,8,1,206.884046
8,16,8,1024,16,24,1024,2,1,4,200.212901
4,4,2,2048,16,24,1024,2,1,2,185.853119
8,16,2,1024,16,20,1024,4,2,1,283.498839
8,16,2,2048,16,12,1024,4,1,2,189.363772
8,16,1,2048,16,24,1024,4,1,2,662.628966
2,8,2,2048,16,20,1024,1,1,2,325.597621
4,16,4,2048,16,20,1024,1,1,4,463.067692
8,4,2,2048,16,16,1024,4,1,2,79.216552
8,8,1,1024,16,24,1024,1,4,2,128.327315
2,32,8,1024,16,24,1024,1,2,1,473.340583
4,32,8,1024,16,12,1024,1,2,2,228.114176
8,64,2,2048,16,16,1024,2,4,1,653.15466
8,8,4,2048,16,24,1024,4,1,2,199.79073
8,64,8,1024,16,24,1024,2,4,1,302.609213
8,8,1,1024,16,16,1024,4,1,2,268.449238
4,32,4,2048,16,12,1024,2,2,1,345.068408
8,32,2,1024,16,16,1024,1,4,2,173.734078
8,32,1,1024,16,24,1024,1,8,1,328.598935
8,16,1,1024,16,16,1024,2,2,2,265.442727
8,32,4,2048,16,16,1024,1,4,2,301.220791
4,8,1,2048,16,20,1024,4,1,1,510.794953
8,16,2,2048,16,20,1024,1,2,4,255.370481
8,32,2,2048,16,24,1024,2,2,2,553.807647
4,16,8,1024,16,16,1024,2,1,2,160.827789
2,16,2,2048,16,16,1024,1,1,2,502.184817
4,32,2,2048,16,16,1024,1,2,2,507.372417
2,16,8,2048,16,20,1024,2,1,1,462.448415
4,64,4,2048,16,20,1024,1,4,1,877.966047
2,8,1,1024,16,24,1024,1,2,1,326.460235
8,16,1,2048,16,12,1024,2,1,4,256.638904
8,8,4,1024,16,16,1024,2,1,4,81.092334
4,32,2,1024,16,20,1024,2,2,1,610.874342
4,16,4,2048,16,24,1024,1,1,4,525.572773
8,128,2,2048,16,20,1024,1,8,1,943.696365
4,32,4,2048,16,16,1024,1,4,1,379.285249
4,2,1,2048,16,24,1024,2,1,2,137.903724
8,16,8,2048,16,16,1024,8,1,1,222.381996
8,8,4,1024,16,16,1024,8,1,1,128.096429
4,32,1,2048,16,24,1024,1,4,1,746.697268
8,64,4,1024,16,24,1024,2,4,1,338.69497
4,32,8,2048,16,20,1024,1,2,2,652.577379
2,16,1,2048,16,20,1024,1,2,1,638.646568
2,16,2,2048,16,24,1024,1,1,2,677.607833
4,32,2,2048,16,24,1024,2,2,1,953.382226
8,8,2,2048,16,24,1024,8,1,1,389.533489
2,32,8,2048,16,20,1024,1,2,1,826.261727
8,4,1,1024,16,24,1024,2,2,2,129.799089
8,16,4,1024,16,20,1024,8,1,1,314.550445
8,16,2,2048,16,12,1024,8,1,1,402.791265
4,32,4,2048,16,12,1024,1,4,1,303.250349
2,8,1,1024,16,20,1024,1,1,2,324.519197
8,2,1,1024,16,12,1024,2,1,4,58.148534
8,8,1,1024,16,12,1024,2,2,2,114.129897
8,16,1,2048,16,12,1024,1,8,1,120.274819
2,8,1,2048,16,20,1024,1,1,2,388.618288
4,16,4,1024,16,20,1024,2,1,2,186.565252
2,8,4,2048,16,16,1024,1,1,2,294.302991
4,8,1,2048,16,12,1024,1,1,4,198.282428
8,64,4,1024,16,20,1024,1,4,2,329.726407
8,32,1,1024,16,12,1024,1,8,1,179.321599
4,8,1,1024,16,12,1024,4,1,1,355.618135
4,4,2,1024,16,24,1024,4,1,1,168.984741
8,8,1,2048,16,12,1024,1,4,2,94.042906
8,16,4,2048,16,12,1024,4,1,2,183.351266
8,16,4,1024,16,24,1024,1,2,4,194.036411
8,8,1,2048,16,12,1024,2,4,1,102.45279
4,4,1,1024,16,16,1024,4,1,1,233.848695
2,32,4,1024,16,12,1024,1,2,1,321.7926
8,32,8,2048,16,24,1024,2,2,2,425.122588
8,32,1,1024,16,12,1024,1,4,2,217.435625
4,8,1,1024,16,20,1024,1,4,1,144.575673
8,8,1,2048,16,12,1024,4,2,1,162.822269
4,4,2,2048,16,12,1024,1,1,4,117.489399
2,16,2,2048,16,20,1024,2,1,1,796.454144
4,16,2,1024,16,20,1024,2,2,1,308.015482
4,16,2,2048,16,16,1024,2,1,2,381.352887
8,32,4,1024,16,20,1024,1,4,2,193.674487
4,16,1,2048,16,24,1024,2,2,1,705.384712
4,64,2,1024,16,16,1024,1,4,1,499.221943
8,32,1,2048,16,16,1024,1,8,1,277.157462
8,8,4,1024,16,16,1024,4,1,2,106.056934
4,8,2,1024,16,12,1024,1,2,2,82.387048
8,32,1,1024,16,20,1024,1,2,4,390.430263
8,16,2,1024,16,12,1024,8,1,1,413.478718
8,8,1,1024,16,16,1024,2,1,4,171.406711
2,16,1,1024,16,24,1024,1,1,2,717.050157
8,64,1,1024,16,20,1024,1,8,1,545.953023
4,64,1,2048,16,24,1024,1,4,1,1455.040828
8,16,1,1024,16,16,1024,1,4,2,151.170077
4,64,8,2048,16,24,1024,1,4,1,961.258095
8,16,2,1024,16,16,1024,2,4,1,127.649184
8,16,2,1024,16,24,1024,1,4,2,142.298592
4,16,8,2048,16,16,1024,1,1,4,487.592293
8,64,1,1024,16,16,1024,1,8,1,448.281483
8,32,2,2048,16,16,1024,1,8,1,216.254133
8,16,1,2048,16,16,1024,1,8,1,151.85842
4,16,2,1024,16,12,1024,1,2,2,140.826702
8,8,1,2048,16,24,1024,2,4,1,190.566253
4,16,1,1024,16,20,1024,2,1,2,613.315433
4,32,4,1024,16,24,1024,1,2,2,379.328545
8,32,1,1024,16,20,1024,4,2,1,1152.340679
8,8,2,1024,16,24,1024,8,1,1,401.747138
2,8,1,2048,16,16,1024,2,1,1,476.86853
8,64,1,2048,16,16,1024,1,4,2,626.494416
4,4,2,2048,16,16,1024,2,1,2,128.237715
8,128,4,1024,16,24,1024,1,8,1,565.803208
2,16,4,1024,16,16,1024,1,2,1,205.342546
8,64,8,1024,16,20,1024,2,4,1,255.483777
8,8,4,2048,16,16,1024,4,1,2,139.34161
4,16,2,2048,16,24,1024,1,1,4,474.106161
2,16,2,1024,16,16,1024,1,1,2,313.719742
4,32,2,2048,16,12,1024,2,2,1,500.230076
2,8,1,2048,16,12,1024,1,2,1,220.76493
2,16,2,1024,16,20,1024,1,1,2,371.127674
8,16,2,1024,16,16,1024,8,1,1,542.948546
8,16,1,2048,16,16,1024,1,4,2,189.625812
8,16,2,2048,16,20,1024,4,2,1,247.577202
8,4,2,2048,16,16,1024,8,1,1,133.564633
2,2,1,1024,16,20,1024,2,1,1,143.524854
2,8,1,2048,16,24,1024,1,2,1,394.007509
8,16,4,1024,16,16,1024,8,1,1,255.055241
2,4,2,1024,16,16,1024,2,1,1,125.463484
4,16,2,1024,16,16,1024,2,2,1,249.896946
4,16,1,1024,16,16,1024,4,1,1,930.664515
8,8,1,2048,16,24,1024,1,2,4,192.614664
4,16,2,2048,16,12,1024,1,1,4,313.972473
8,32,2,1024,16,16,1024,1,8,1,132.288331
2,16,4,2048,16,20,1024,1,2,1,456.595962
8,32,4,2048,16,20,1024,4,2,1,436.970102
2,16,1,1024,16,20,1024,1,2,1,544.181723
4,16,2,2048,16,12,1024,4,1,1,305.072334
4,32,4,2048,16,24,1024,1,4,1,531.359462
8,32,2,2048,16,20,1024,2,4,1,409.022072
4,16,1,2048,16,24,1024,1,1,4,547.592496
4,64,8,1024,16,24,1024,1,4,1,474.725583
